experiment_id                   , username    , notes                                                                                                           , approach, inference_model                                       , inference_model_size, is_rag, embedding_model                        , embedding_model_size, mean_question_accuracy, mean_time              , mean_search_time  , mean_reasoning_time, entertainment_mean_time, entertainment_mean_question_accuracy, entertainment_mean_search_time, entertainment_mean_reasoning_time, science_nature_mean_time, science_nature_mean_question_accuracy, science_nature_mean_search_time, science_nature_mean_reasoning_time, ancient_history_mean_time, ancient_history_mean_question_accuracy, ancient_history_mean_search_time, ancient_history_mean_reasoning_time, maths_mean_time       , maths_mean_question_accuracy, maths_mean_search_time, maths_mean_reasoning_time, timestamp
1d74c9544b3146f994d488e55b2bb960, Pastasciutta,                                                                                                                 , rag     , qwen2.5-14b-instruct                                  ,                   14, TRUE  , all-MiniLM-L6-v2                       ,                  384,      0.5              , 18.7261790037155       , 17.5748345553875  ,   1.15131118893623 , 37.5917911529541       ,                    0                ,              36.4440841674805 ,                 1.14758253097534 ,  14.8362694382668       ,                     0.75             ,              13.7219821810722  ,                  1.11426782608032 ,   21.227823972702        ,                      0.5              ,               20.0423663854599  ,                   1.18543529510498 , 10.416915178299       ,            0                ,      9.18193078041077 ,          1.23496508598328, 2026-05-14 20:51:30
1d74c9544b3146f994d488e55b2bb960, Pastasciutta,                                                                                                                 , rag     , qwen2.5-14b-instruct                                  ,                   14, TRUE  , all-MiniLM-L6-v2                       ,                  384,      0.838235294117647, 18.9847588433939       , 17.6119259034886  ,   1.37280627559213 , 17.3704787254334       ,                    0.88             ,              16.1287592506409 ,                 1.24169171333313 ,  20.1796970367432       ,                     0.923076923076923,              18.7830983125247  ,                  1.39657059999613 ,   16.003875949166        ,                      0.727272727272727,               14.5849761312658  ,                   1.41887552087957 , 25.9978124698003      ,            0.5              ,     24.2661144336065  ,          1.73167792956034, 2026-05-14 21:19:17
2099f3c908614aa8b4982a79cdfad7ea, Pastasciutta,                                                                                                                 , rag     , qwen2.5-14b-instruct                                  ,                   14, TRUE  , all-MiniLM-L6-v2                       ,                  384,      0.8125           , 11.5155161432922       , 10.0159042701125  ,   1.49958389624953 ,  9.54772658348083      ,                    0.7              ,               8.04518465995789,                 1.5025114774704  ,  11.0334967483174       ,                     0.863636363636364,               9.54046026143161 ,                  1.49301520260898 ,   13.4862496471405       ,                      0.88             ,               11.9104630279541  ,                   1.57575091362    ,  8.80322824205671     ,            0.571428571428571,      7.5591893196106  ,          1.24402104105268, 2026-05-14 22:27:12
6351945e58764dcb8e95db416f615cdf, Pastasciutta,                                                                                                                 , rag     , qwen2.5-14b-instruct                                  ,                   14, TRUE  , all-MiniLM-L6-v2                       ,                  384,      0.845070422535211,  3.02163187550827      ,  0.757438276855039,   2.26417889393551 ,  4.23283576965332      ,                    0.625            ,               1.89921221137047,                 2.33359414339066 ,   2.71439108167376      ,                     0.942857142857143,               0.60487710407802 ,                  2.10950174331665 ,    2.61680140949431      ,                      0.857142857142857,                0.604152055013748,                   2.01263542402358 ,  4.38809422084263     ,            0.571428571428571,      0.675218309674944,          3.71286334310259, 2026-05-14 22:48:23
ce754114a89b4cab98fe6086a4c1d547, Pastasciutta,                                                                                                                 , rag     , qwen2.5-14b-instruct                                  ,                   14, TRUE  , all-MiniLM-L6-v2                       ,                  384,      0.80327868852459 , 13.8830213273158       ,  0.818575448677188,  13.0644360135813  , 14.8497097253799       ,                    0.7              ,               1.6333277463913 ,                13.2163716077805  ,  11.733334830313        ,                     0.909090909090909,               0.628142609740749,                 11.1051829222477  ,   14.7988166809082       ,                      0.769230769230769,                0.721248956827017,                  14.0775569035457  , 23.7565074920654      ,            0.4              ,      0.698976469039917,         23.0575209140778 , 2026-05-14 23:16:48
a7fbdff7296f48dd8081d3710db01669, Pastasciutta,                                                                                                                 , rag     , qwen2.5-14b-instruct                                  ,                   14, TRUE  , all-MiniLM-L6-v2                       ,                  384,      0.842857142857143,  9.30843187400273      ,  8.0202340398516  ,   1.28817757197789 , 15.2448492527008       ,                    0.4              ,              13.9740747928619 ,                 1.27073483467102 ,   8.54057288169861      ,                     0.95             ,               7.27737355828285 ,                  1.26318021416664 ,    9.44738768128788      ,                      0.823529411764706,                8.14990169861737 ,                   1.2974680592032  ,  9.14218488335609     ,            0.625            ,      7.73784220218658 ,          1.40432378649712, 2026-05-15 19:10:03
396e494098794ff5a334c00048c51b80, Pastasciutta,                                                                                                                 , rag     , qwen2.5-14b-instruct                                  ,                   14, TRUE  , all-MiniLM-L6-v2                       ,                  384,      0.885057471264368, 18.1414345653578       , 16.881278155864   ,   1.2601368701321  , 18.4589996433258       ,                    0.92             ,              17.1813520336151 ,                 1.27762404441834 ,  17.8335033257802       ,                     0.9              ,              16.5578841368357  ,                  1.27560123602549 ,   18.3191955972601       ,                      0.925925925925926,               17.084024005466   ,                   1.23515347198204 , 17.4412870407105      ,            0.4              ,     16.2264452934265  ,          1.21482515335083, 2026-05-15 19:57:39
6a5f8f2541564990aba5a950461d3f46, Pastasciutta,                                                                                                                 , rag     , qwen2.5-14b-instruct                                  ,                   14, TRUE  , all-MiniLM-L6-v2                       ,                  384,      0.428571428571429,  8.44760928835188      ,  5.96518173671904 ,   2.48240232467651 , 11.8330892920494       ,                    0.25             ,               9.11547875404358,                 2.71755850315094 ,   6.65387749671936      ,                     0                ,               4.26975162823995 ,                  2.38410798708598 ,    8.37745499610901      ,                      0.625            ,                5.81479677557945 ,                   2.56263801455498 ,  7.18102757136027     ,            0.5              ,      4.91321206092835 ,          2.26779778798421, 2026-05-15 20:35:10
a35fc9eb36244a43b9b3414ed7f72eeb, Pastasciutta,                                                                                                                 , rag     , qwen2.5-14b-instruct                                  ,                   14, TRUE  , all-MiniLM-L6-v2                       ,                  384,      0.836065573770492, 16.6623250461016       , 15.4339759232568  ,   1.22832562493496 , 14.3305969238281       ,                    0.7              ,              13.2413233757019 ,                 1.08923978805542 ,  15.9200601119262       ,                     0.923076923076923,              14.693353341176   ,                  1.22668553315676 ,   18.4371619099065       ,                      0.894736842105263,               17.2127542244761  ,                   1.22438527408399 , 18.1447032292684      ,            0.5              ,     16.6649634043376  ,          1.47972019513448, 2026-05-15 21:02:21
4ffb3ab37f0341b89462a6cbac43dd90, Pastasciutta,                                                                                                                 , rag     , qwen2.5-14b-instruct                                  ,                   14, TRUE  , all-MiniLM-L6-v2                       ,                  384,      0.818181818181818, 13.2622049216068       , 11.9353087706999  ,   1.3268734180566  , 12.7935613935644       ,                    0.727272727272727,              11.3777187304063 ,                 1.41581145199862 ,  12.5850653251012       ,                     0.9              ,              11.3955715894699  ,                  1.18947338263194 ,   14.7246707757314       ,                      0.8              ,               13.3305930932363  ,                   1.3940558274587  , 13.6154328107834      ,            0.7              ,     12.0749428749085  ,          1.54046807289124, 2026-05-15 21:42:51
5df633d5e6e14013b38cd64d53fc6e21, Pastasciutta,                                                                                                                 , rag     , qwen2.5-14b-instruct                                  ,                   14, TRUE  , all-MiniLM-L6-v2                       ,                  384,      0.830769230769231, 13.9068168346699       , 12.6278138417464  ,   1.27898017443143 , 14.087889781365        ,                    0.769230769230769,              12.8078451706813 ,                 1.28001484504113 ,  13.3214031815529       ,                     0.85             ,              12.0357271909714  ,                  1.28565440177918 ,   14.5338538487752       ,                      0.925925925925926,               13.2619237988084  ,                   1.27190944883559 , 12.3916819095612      ,            0.4              ,     11.1038852214813  ,          1.28777503967285, 2026-05-15 22:18:56
e7b872fd41364a30ab3ab6588d2efe02, Pastasciutta,                                                                                                                 , rag     , qwen2.5-14b-instruct                                  ,                   14, TRUE  , all-MiniLM-L6-v2                       ,                  384,      0.891566265060241, 14.0643729962498       , 12.9681481079883  ,   1.09620255447296 , 13.092059691747        ,                    0.8              ,              12.0082683404287 ,                 1.08376282056173 ,  13.3946084313923       ,                     0.972222222222222,              12.4371818701426  ,                  0.957406567202674,   15.1406427163344       ,                      0.923076923076923,               13.9274765894963  ,                   1.21314331201407 , 15.8499081929525      ,            0.5              ,     14.3965548674266  ,          1.4533345301946 , 2026-05-15 22:48:19
bd85f55659d54ea0808622b1e6e6daee, Pastasciutta,                                                                                                                 , rag     , qwen2.5-14b-instruct                                  ,                   14, TRUE  , all-MiniLM-L6-v2                       ,                  384,      0.82258064516129 , 13.3538635469252       , 11.8400807342222  ,   1.15617073735883 , 13.9782598719877       ,                    0.823529411764706,              12.7120952886694 ,                 1.26613942314597 ,  12.7388171599462       ,                     0.923076923076923,              10.9117109041948  ,                  0.974369003222539,   14.9398167683528       ,                      0.769230769230769,               13.6849451431861  ,                   1.25485247832078 , 10.8137096563975      ,            0.5              ,      9.39510254065196 ,          1.41858987013499, 2026-05-15 23:05:41
aeeaf5ab884041d2b727d4f94b72be8c, Pastasciutta,                                                                                                                 , rag     , qwen2.5-14b-instruct                                  ,                   14, TRUE  , all-MiniLM-L6-v2                       ,                  384,      0.368421052631579,  9.7836211355109       ,  7.42463183403015 ,   2.35896673955415 , 10.3350899815559       ,                    0.25             ,               8.10104650259018,                 2.23399817943573 ,   8.72963765689305      ,                     0.571428571428571,               6.41274462427412 ,                  2.31687617301941 ,   10.7748196721077       ,                      0.25             ,                8.48285335302353 ,                   2.29195058345795 , 10.0854248404503      ,            0.25             ,      7.46079826354981 ,          2.62460994720459, 2026-05-15 23:20:28
0ee3b9da68ea4cc0bae521ab0c3c8960, Pastasciutta,                                                                                                                 , rag     , qwen2.5-14b-instruct                                  ,                   14, TRUE  , all-MiniLM-L6-v2                       ,                  384,      0.821428571428571,  8.05118909903935      ,  7.24811429211072 ,   0.803055682352611,  8.69201044602828      ,                    0.727272727272727,               7.85089336742054,                 0.841088490052657,   7.60038369352167      ,                     0.96969696969697 ,               6.84183817198782 ,                  0.758528507117069,    8.3389250934124       ,                      0.625            ,                7.58908352255821 ,                   0.749824672937393,  9.43260300159454     ,            0.25             ,      8.26031136512756 ,          1.17227667570114, 2026-05-15 23:30:17
22b11a2a94b948478c4325f6e4efedc7, Pastasciutta,                                                                                                                 , rag     , qwen2.5-14b-instruct                                  ,                   14, TRUE  , all-MiniLM-L6-v2                       ,                  384,      0.865546218487395, 13.0508863825758       , 11.9841588845774  ,   1.06670948437282 , 13.9186942656835       ,                    0.866666666666667,              12.6722582181295 ,                 1.24641474088033 ,  12.359789802673        ,                     0.914893617021277,              11.4245776014125  ,                  0.935195552541855,   13.9947519225459       ,                      0.903225806451613,               12.8949698094399  ,                   1.09976512385953 , 10.977020111951       ,            0.545454545454545,      9.93163176016374 ,          1.04537060044029, 2026-05-16 00:02:31
b4a795ff72d04cab8933bdbbfd116b85, Pastasciutta, "First try with math model, ignore everything setted here lmao"                                                 , rag     , qwen2.5-14b-instruct                                  ,                   14, TRUE  , all-MiniLM-L6-v2                       ,                  384,      0.863013698630137, 12.7919088814357       , 11.7049901714064  ,   1.08679332145273 , 14.1643666199275       ,                    0.857142857142857,              13.0208868753342 ,                 1.14345569837661 ,  12.1113724973467       ,                     0.972222222222222,              11.0846014552646  ,                  1.02675076325734 ,   15.4108142485985       ,                      0.769230769230769,               13.9984619800861  ,                   1.41233194791354 ,  0.00255139668782552  ,            0                ,      0                ,          0               , 2026-05-18 18:42:06
7687358e38cf4193ad6d6cd750f50e21, Pastasciutta, "Second try with math model, ignore everything setted here lmao"                                                , rag     , qwen2.5-14b-instruct                                  ,                   14, TRUE  , all-MiniLM-L6-v2                       ,                  384,      0.80952380952381 , 12.7207466874804       , 11.4707384450095  ,   1.24998650096712 , 16.9944875836372       ,                    0.75             ,              16.1474635004997 ,                 0.846980631351471,  11.7939055562019       ,                     0.916666666666667,              11.0869755744934  ,                  0.706912100315094,   15.1597249507904       ,                      0.666666666666667,               14.4173154830933  ,                   0.742392142613729,  6.07584428787231     ,            0.5              ,      0                ,          6.07583618164063, 2026-05-18 19:22:40
ceddeaf1f71a443faf729bef71df59e4, Pastasciutta, "Second try with math model, ignore everything setted here lmao"                                                , rag     , qwen2.5-14b-instruct                                  ,                   14, TRUE  , all-MiniLM-L6-v2                       ,                  384,      0.851851851851852, 12.9929840211515       , 12.0062947626467  ,   0.986667562414099, 13.7306536038717       ,                    0.833333333333333,              13.0068535804749 ,                 0.723764141400655,  12.9531166723796       ,                     0.928571428571429,              12.3213528054101  ,                  0.631745900426592,   13.1412729819616       ,                      0.833333333333333,               12.2716496388118  ,                   0.869605302810669,  8.23537564277649     ,            0                ,      0                ,          8.23536491394043, 2026-05-18 19:32:22
95c7e0fc00274c8faf98172a53ba0cca, Pastasciutta, "Second try with math model, ignore everything setted here lmao"                                                , rag     , qwen2.5-14b-instruct                                  ,                   14, TRUE  , all-MiniLM-L6-v2                       ,                  384,      0.692307692307692, 15.1805915282323       , 13.8024354898013  ,   1.37812022062448 , 15.2319631099701       ,                    0.8              ,              14.420830154419  ,                 0.811067914962769,  15.9932985305786       ,                     0                ,              14.9952619075775  ,                  0.998020172119141,   16.1511513789495       ,                      0.833333333333333,               15.388708114624   ,                   0.762423992156982,  8.28766751289368     ,            0                ,      0                ,          8.28765916824341, 2026-05-18 19:39:57
7636848d563c488b92c2600c4901fc8c, Pastasciutta, "Second try with math model, ignore everything setted here lmao"                                                , rag     , qwen2.5-14b-instruct                                  ,                   14, TRUE  , all-MiniLM-L6-v2                       ,                  384,      0.833333333333333, 15.5837452510993       , 12.1482284466426  ,   3.43549472093582 , 14.3845788070134       ,                    0.857142857142857,              13.6967316695622 ,                 0.687813895089286,  13.344634437561        ,                     0.9              ,              12.6738577127457  ,                  0.670759057998657,   14.7785137176514       ,                      0.8              ,               13.7883567810059  ,                   0.990136051177979, 32.9894607067108      ,            0.5              ,      0                ,         32.9894526004791 , 2026-05-18 19:51:45
b91fdc3005f44c1cb4943023f9a9d8d5, Pastasciutta, "Second try with math model, ignore everything setted here lmao"                                                , rag     , qwen2.5-14b-instruct                                  ,                   14, TRUE  , all-MiniLM-L6-v2                       ,                  384,      0                , 14.6657913327217       ,  0                ,  14.6657845377922  ,  0.0000107288360595703 ,                    0                ,               0               ,                 0                ,   0.00000357627868652344,                     0                ,               0                ,                  0                ,    0.00000476837158203125,                      0                ,                0                ,                   0                , 58.6631462574005      ,            0                ,      0                ,         58.6631381511688 , 2026-05-18 20:01:11
f9de456bc43e44b3b2c4685f9ed10068, Pastasciutta, "Second try with math model, ignore everything setted here lmao"                                                , rag     , qwen2.5-14b-instruct                                  ,                   14, TRUE  , all-MiniLM-L6-v2                       ,                  384,      0                ,  8.05102050304413      ,  0                ,   8.05101436376572 ,  0.00000596046447753906,                    0                ,               0               ,                 0                ,   0.00000548362731933594,                     0                ,               0                ,                  0                ,    0.00000691413879394531,                      0                ,                0                ,                   0                , 32.2040636539459      ,            0                ,      0                ,         32.2040574550629 , 2026-05-18 20:06:54
59df28891cf042a6a662c6fcd7f9689d, Pastasciutta, "Second try with math model, ignore everything setted here lmao"                                                , rag     , qwen2.5-14b-instruct                                  ,                   14, TRUE  , all-MiniLM-L6-v2                       ,                  384,      0.333333333333333, 18.4191814263662       ,  0                ,  18.4191743930181  ,  0.00000667572021484375,                    0.5              ,               0               ,                 0                ,   0.00000548362731933594,                     0                ,               0                ,                  0                ,    0.00000548362731933594,                      0                ,                0                ,                   0                , 55.257532119751       ,            0.5              ,      0                ,         55.2575231790543 , 2026-05-18 20:14:14
185546cee7c64873ad5fe9a53bb3b175, Pastasciutta, "Second try with math model, ignore everything setted here lmao"                                                , rag     , qwen2.5-14b-instruct                                  ,                   14, TRUE  , all-MiniLM-L6-v2                       ,                  384,      0.666666666666667,  5.28478308518728      ,  0                ,   5.28477573394775 ,  0.0000095367431640625 ,                    0                ,               0               ,                 0                ,   0.000003814697265625  ,                     0                ,               0                ,                  0                ,    0.00000548362731933594,                      0                ,                0                ,                   0                ,  7.04637535413106     ,            0.888888888888889,      0                ,          7.04636764526367, 2026-05-18 20:18:30
847eea64af404d2195233112b11725a5, Pastasciutta, "Second try with math model, ignore everything setted here lmao"                                                , rag     , qwen2.5-14b-instruct                                  ,                   14, TRUE  , all-MiniLM-L6-v2                       ,                  384,      0.833333333333333,  7.2523572312461       ,  0                ,   7.25235109859043 ,  0.00000596046447753906,                    0                ,               0               ,                 0                ,   0.00000333786010742188,                     0                ,               0                ,                  0                ,    0.0000057220458984375 ,                      0                ,                0                ,                   0                ,  8.70282767613729     ,            1                ,      0                ,          8.70282131830851, 2026-05-18 20:23:59
72af8c75639d41ac93fc8203eb7238e9, Pastasciutta, First real test with Math pipeline                                                                              , rag     , qwen2.5-14b-instruct/qwen3:8b                         ,                   14, TRUE  , all-MiniLM-L6-v2/BAAI/bge-reranker-base,                  384,      0.842857142857143, 11.0852579082762       ,  9.06136855057308 ,   2.02387390477317 , 11.3575449197189       ,                    0.91304347826087 ,              10.539689530497  ,                 0.817835880362469,  10.7137491703033       ,                     0.903225806451613,              10.0106659781548  ,                  0.703068164087111,   12.2648194517408       ,                      0.571428571428571,               11.6503277165549  ,                   0.614477225712368, 10.751617776023       ,            0.666666666666667,      0                ,         10.7516104910109 , 2026-05-18 20:42:59
09e507a7d1f944a297355ead6bb7cdf1, Pastasciutta, Deepseek test with 7 sentences in system prompt                                                                 , rag     , qwen2.5-14b-instruct/deepseek-r1:14b                  ,                   14, TRUE  , all-MiniLM-L6-v2/BAAI/bge-reranker-base,                  384,      0.857142857142857, 14.9988700600414       ,  9.2489950594964  ,   5.74986029909803 , 12.6773512180035       ,                    0.923076923076923,              11.9005033694781 ,                 0.776828472430889,  11.7814345757167       ,                     0.875            ,              11.1656056046486  ,                  0.615814069906871,   13.0558133775538       ,                      0.727272727272727,               12.253181587566   ,                   0.802616704594005, 24.9333428740501      ,            0.8125           ,      0                ,         24.9333363324404 , 2026-05-18 21:30:40
20018361b38143909aeff01bd6d9fcdf, Pastasciutta, Deepseek second test with 7 sentences in system prompt                                                          , rag     , qwen2.5-14b-instruct/deepseek-r1:14b                  ,                   14, TRUE  , all-MiniLM-L6-v2/BAAI/bge-reranker-base,                  384,      0.871794871794872, 15.3929177767191       , 11.8922044527836  ,   3.50069650625571 , 14.6085777431727       ,                    0.9375           ,              13.7756624296308 ,                 0.83289547264576 ,  13.0526306629181       ,                     0.916666666666667,              12.3957845171293  ,                  0.656830420096715,   16.6616376042366       ,                      0.75             ,               15.7726600964864  ,                   0.888959248860677, 21.9970311641693      ,            0.7              ,      0                ,         21.9970231294632 , 2026-05-19 18:05:14
aa6369e5311d4feab4f2435dc14b39c4, Pastasciutta, Math checkpoint test                                                                                            , rag     , qwen2.5-14b-instruct/deepseek-r1:14b                  ,                   14, TRUE  , all-MiniLM-L6-v2/BAAI/bge-reranker-base,                  384,      0.25             ,  5.06431525945664      ,  0                ,   5.064308822155   ,  0.00000556310017903646,                    0                ,               0               ,                 0                ,   0.00000405311584472656,                     0.25             ,               0                ,                  0                ,    0.00000405311584472656,                      0.5              ,                0                ,                   0                , 27.0096623102824      ,            0                ,      0                ,         27.0096470514933 , 2026-05-19 18:24:01
63ffa59ea3934b8fa9022b41c72ece47, Pastasciutta, Math checkpoint test                                                                                            , rag     , qwen2.5-14b-instruct/deepseek-r1:14b                  ,                   14, TRUE  , all-MiniLM-L6-v2/BAAI/bge-reranker-base,                  384,      0                ,  6.75160872936249      ,  0                ,   6.75160362323125 ,  0.00000476837158203125,                    0                ,               0               ,                 0                ,   0.00000365575154622396,                     0                ,               0                ,                  0                ,    0.00000413258870442708,                      0                ,                0                ,                   0                , 27.0064223607381      ,            0                ,      0                ,         27.006414492925  , 2026-05-19 18:28:21
f34b31a5297e4515b13c00830fb6129a, Pastasciutta, Math checkpoint test                                                                                            , rag     , qwen2.5-14b-instruct/deepseek-r1:14b                  ,                   14, TRUE  , all-MiniLM-L6-v2/BAAI/bge-reranker-base,                  384,      0.294117647058824,  7.7128488035763       ,  0                ,   7.71284347421983 ,  0.00000510215759277344,                    0.4              ,               0               ,                 0                ,   0.00000468889872233073,                     0                ,               0                ,                  0                ,    0.00000458955764770508,                      0.25             ,                0                ,                   0                , 26.2236743450165      ,            0.4              ,      0                ,         26.2236678123474 , 2026-05-19 18:48:23
7b1a01b724304b19b19470426e08180c, Pastasciutta, Math checkpoint test                                                                                            , rag     , qwen2.5-14b-instruct/deepseek-r1:14b                  ,                   14, TRUE  , all-MiniLM-L6-v2/BAAI/bge-reranker-base,                  384,      0.368421052631579,  9.95061646009746      ,  0                ,   9.95061107685691 ,  0.00000536441802978516,                    0.25             ,               0               ,                 0                ,   0.00000470876693725586,                     0.25             ,               0                ,                  0                ,    0.00000363588333129883,                      0.25             ,                0                ,                   0                , 27.0088082722255      ,            0.571428571428571,      0                ,         27.0088014943259 , 2026-05-19 18:53:35
37b32c4df296470b9b16e5d39c9213bf, Pastasciutta, Math checkpoint test                                                                                            , rag     , qwen2.5-14b-instruct/deepseek-r1:14b                  ,                   14, TRUE  , all-MiniLM-L6-v2/BAAI/bge-reranker-base,                  384,      0.4              ,  2.63620556592941      ,  0                ,   2.63620058298111 ,  0.00000472068786621094,                    0.4              ,               0               ,                 0                ,   0.00000405311584472656,                     0.25             ,               0                ,                  0                ,    0.00000424385070800781,                      0.4              ,                0                ,                   0                ,  8.78734171390533     ,            0.5              ,      0                ,          8.7873352766037 , 2026-05-19 18:56:05
bd4841328a244fd2b1fb69ee90a0958f, Pastasciutta, Math checkpoint test                                                                                            , rag     , qwen2.5-14b-instruct/deepseek-r1:14b-qwen-distill-q8_0,                   14, TRUE  , all-MiniLM-L6-v2/BAAI/bge-reranker-base,                  384,      0.454545454545455,  7.67143649404699      ,  0                ,   7.6714295799082  ,  0.00000658035278320313,                    0.4              ,               0               ,                 0                ,   0.00000524520874023438,                     0.5              ,               0                ,                  0                ,    0.00000542402267456055,                      0.25             ,                0                ,                   0                , 24.1102166857038      ,            0.571428571428571,      0                ,         24.1102072511401 , 2026-05-19 19:34:47
fa7a5bd5ae3147a5b1cd06a27870e064, Pastasciutta, Math checkpoint test                                                                                            , rag     , qwen2.5-14b-instruct/deepseek-r1:14b-qwen-distill-q8_0,                   14, TRUE  , all-MiniLM-L6-v2/BAAI/bge-reranker-base,                  384,      0.2              ,  0.00000627835591634115,  0                ,   0                ,  0.00000548362731933594,                    0.4              ,               0               ,                 0                ,   0.00000365575154622396,                     0                ,               0                ,                  0                ,    0.00000464916229248047,                      0.25             ,                0                ,                   0                ,  0.0000123977661132813,            0                ,      0                ,          0               , 2026-05-19 19:35:23
41a7cc06f8164ca0b8bc89247c2ae4ed, Pastasciutta, Math checkpoint test                                                                                            , rag     , qwen2.5-14b-instruct/deepseek-r1:14b-qwen-distill-q8_0,                   14, TRUE  , all-MiniLM-L6-v2/BAAI/bge-reranker-base,                  384,      0.478260869565217,  7.43256999098736      ,  0                ,   7.43256422747736 ,  0.00000667572021484375,                    0                ,               0               ,                 0                ,   0.00000405311584472656,                     0.25             ,               0                ,                  0                ,    0.00000429153442382813,                      0.4              ,                0                ,                   0                , 15.5408229177648      ,            0.727272727272727,      0                ,         15.5408161119981 , 2026-05-19 19:42:14
6f4caa3f1bdd4731aba8725f1537caf5, Pastasciutta, Math checkpoint test                                                                                            , rag     , qwen2.5-14b-instruct/deepseek-r1:14b-qwen-distill-q8_0,                   14, TRUE  , all-MiniLM-L6-v2/BAAI/bge-reranker-base,                  384,      0.333333333333333,  7.07535613907708      ,  0                ,   7.07534741030799 ,  0.00000424385070800781,                    0.4              ,               0               ,                 0                ,   0.00000470876693725586,                     0.25             ,               0                ,                  0                ,    0.00000417232513427734,                      0.25             ,                0                ,                   0                , 25.4712707519531      ,            0.4              ,      0                ,         25.4712506771088 , 2026-05-19 20:12:16
12fe6135b48d44308908c909eb44e109, Pastasciutta, test                                                                                                            , rag     , qwen2.5-14b-instruct/deepseek-r1:14b-qwen-distill-q8_0,                   14, TRUE  , all-MiniLM-L6-v2/BAAI/bge-reranker-base,                  384,      0.813559322033898, 14.4811625157372       , 11.0383288132942  ,   3.44281694444559 , 14.2923837389265       ,                    0.904761904761905,              13.4434160732088 ,                 0.848945799328032,  12.9320602893829       ,                     0.8              ,              12.2910488764445  ,                  0.640995931625366,   13.8960085426058       ,                      0.785714285714286,               13.1845663785934  ,                   0.711425713130406, 18.4137228859796      ,            0.666666666666667,      0                ,         18.4137154420217 , 2026-05-19 20:37:36
9403eeedbc954e5cb680cb5db55b9d9f, Pastasciutta, "FIRST TEST WITH BM25, TOP_K=5, CHUNKING CUTOFF, TITLE PREFIX IN RERANKER AND CHANGED QUERY PROMPT"             , rag     , qwen2.5-14b-instruct/deepseek-r1:14b-qwen-distill-q8_0,                   14, TRUE  , all-MiniLM-L6-v2/bge-reranker-base     ,                  384,      0.818181818181818,  7.51450073719025      ,  4.03505302559246 ,   3.47942042350769 ,  7.39317544301351      ,                    0.833333333333333,               5.41087301572164,                 1.98226225376129 ,   5.36884117126465      ,                     0.857142857142857,               3.70511780466352 ,                  1.66370078495571 ,    5.68467906117439      ,                      0.875            ,                3.79626297950745 ,                   1.88839286565781 , 37.9006428718567      ,            0                ,      0                ,         37.9006273746491 , 2026-05-20 15:46:58
e09fe3513dcf43998b4ba87c8a2b0ff9, Pastasciutta, "FIRST TEST WITH BM25, TOP_K=5, CHUNKING CUTOFF, TITLE PREFIX IN RERANKER AND CHANGED QUERY PROMPT"             , rag     , qwen2.5-14b-instruct/deepseek-r1:14b-qwen-distill-q8_0,                   14, TRUE  , all-MiniLM-L6-v2/bge-reranker-base     ,                  384,      0.866666666666667,  9.13510902722677      ,  3.29794302781423 ,   5.83714749018351 ,  6.63990506258878      ,                    0.909090909090909,               4.65499693697149,                 1.98488235473633 ,   5.23169548170907      ,                     0.857142857142857,               3.60294842720032 ,                  1.62872995649065 ,    5.724413951238        ,                      0.833333333333333,                3.75211425622304 ,                   1.97228185335795 , 21.6743271748225      ,            0.833333333333333,      0                ,         21.6743196646373 , 2026-05-20 15:56:41
941d9b4f6ff44abba630e60881862fa5, Pastasciutta, "FIRST TEST WITH BM25, TOP_K=5, CHUNKING CUTOFF, TITLE PREFIX IN RERANKER AND CHANGED QUERY PROMPT"             , rag     , qwen2.5-14b-instruct/deepseek-r1:14b-qwen-distill-q8_0,                   14, TRUE  , all-MiniLM-L6-v2/bge-reranker-base     ,                  384,      0.867469879518072,  7.20309755601079      ,  3.26082286490015 ,   3.9422583551292  ,  6.27440983908517      ,                    0.857142857142857,               4.25478377796355,                 2.01960357030233 ,   5.39906908671061      ,                     0.9              ,               3.67762627601624 ,                  1.72142647107442 ,    5.64545743088973      ,                      0.894736842105263,                3.73521316678901 ,                   1.91022818966916 , 15.142978979991       ,            0.769230769230769,      0                ,         15.1429722125714 , 2026-05-20 16:41:49
f81d6347a90d453db5800c2465cec0fd, Pastasciutta, "FIRST TEST WITH BM25, TOP_K=5, CHUNKING CUTOFF, TITLE PREFIX IN RERANKER AND CHANGED QUERY PROMPT, TEMPMATH 07", rag     , qwen2.5-14b-instruct/deepseek-r1:14b-qwen-distill-q8_0,                   14, TRUE  , all-MiniLM-L6-v2/bge-reranker-base     ,                  384,      0.816666666666667,  7.85593977769216      ,  3.64833413759867 ,   4.20758773883184 ,  6.55489053726196      ,                    0.85             ,               4.47408300638199,                 2.0807849407196  ,   5.47640938025254      ,                     0.884615384615385,               3.82242748370537 ,                  1.65396496882806 ,    5.68748715519905      ,                      0.75             ,                3.75440919399262 ,                   1.93306103348732 , 25.3953391313553      ,            0.5              ,      0                ,         25.395331343015  , 2026-05-20 17:28:31
d7162a3880aa434dbfc5e2d3c5502d57, Pastasciutta, "FIRST TEST WITH BM25, TOP_K=5, CHUNKING CUTOFF, TITLE PREFIX IN RERANKER AND CHANGED QUERY PROMPT, TEMPMATH 01", rag     , qwen2.5-14b-instruct/deepseek-r1:14b-qwen-distill-q8_0,                   14, TRUE  , all-MiniLM-L6-v2/bge-reranker-base     ,                  384,      0.876543209876543,  9.80998809249313      ,  3.15766225626439 ,   6.65230862888289 ,  7.06226500597867      ,                    0.727272727272727,               5.1578122919256 ,                 1.9044234752655  ,   5.84029055364204      ,                     0.939393939393939,               4.13036921530059 ,                  1.70990185304122 ,    5.88387268781662      ,                      0.8125           ,                3.92078271508217 ,                   1.96307270228863 , 20.4786937690917      ,            0.904761904761905,      0                ,         20.4786864916484 , 2026-05-20 17:45:56
a46a5db7b6ad4762944d2c5e13ec0383, Pastasciutta, "FIRST TEST WITH BM25, TOP_K=5, CHUNKING CUTOFF, TITLE PREFIX IN RERANKER AND CHANGED QUERY PROMPT, TEMPMATH 0" , rag     , qwen2.5-14b-instruct/deepseek-r1:14b-qwen-distill-q8_0,                   14, TRUE  , all-MiniLM-L6-v2/bge-reranker-base     ,                  384,      0.847222222222222,  7.73209989733166      ,  3.83589108784994 ,   3.89618773261706 ,  6.60759704311689      ,                    0.875            ,               4.63281033436457,                 1.97476072112719 ,   5.84023600816727      ,                     0.875            ,               4.12944203615189 ,                  1.71077199776967 ,    6.24431837399801      ,                      0.866666666666667,                4.39267342885335 ,                   1.85162504514058 , 18.2553804185655      ,            0.666666666666667,      0                ,         18.2553728686439 , 2026-05-20 18:03:47
19cbec6a78f24fe388a0089f1b324f25, Pastasciutta, test double deepseek                                                                                            , rag     , qwen2.5-14b-instruct/deepseek-r1:14b-qwen-distill-q8_0,                   14, TRUE  , all-MiniLM-L6-v2/bge-reranker-base     ,                  384,      0.142857142857143, 56.9918481111527       , 20.4675555399486  ,  36.5242654425757  , 79.0065846443176       ,                    0                ,              37.3831714789073 ,                41.6233530044556  ,  61.2704179286957       ,                     0                ,              28.2867565155029  ,                 32.9836385250092  ,   95.7887726624807       ,                      0                ,               29.8453311920166  ,                  65.9434122244517  , 17.937709569931       ,            0.4              ,      0                ,         17.9377009868622 , 2026-05-20 18:23:30
98d39c07b6ad4ab6b905ea8be95ee246, Pastasciutta, 90 percent lets get it                                                                                          , rag     , qwen2.5-14b-instruct/deepseek-r1:14b-qwen-distill-q8_0,                   14, TRUE  , all-MiniLM-L6-v2/bge-reranker-base     ,                  384,      0.833333333333333,  8.36724829673767      ,  4.18503297097755 ,   4.1821922677936  ,  7.61300545268589      ,                    0.666666666666667,               5.67950240770976,                 1.93345703019036 ,   6.00999410947164      ,                     0.948717948717949,               4.24725049581283 ,                  1.76272376989707 ,    6.53264419849102      ,                      0.769230769230769,                4.57337577526386 ,                   1.95924625029931 , 32.8814387321472      ,            0.4              ,      0                ,         32.8814296245575 , 2026-05-20 18:33:44
f1ef928b1ffe4c2ca1b296faf358244e, Pastasciutta, AAAAA                                                                                                           , rag     , qwen2.5-14b-instruct/deepseek-r1:14b-qwen-distill-q8_0,                   14, TRUE  , all-MiniLM-L6-v2/bge-reranker-base     ,                  384,      0.895348837209302,  8.65852505938951      ,  4.25194166704666 ,   4.40656204833541 ,  7.20249565081163      ,                    0.909090909090909,               5.13101600516926,                 2.07145292108709 ,   6.25940004984538      ,                     0.972222222222222,               4.48026941219966 ,                  1.77911012702518 ,    6.86151067834152      ,                      0.842105263157895,                4.81552275858427 ,                   2.04596486844515 , 25.6079051229689      ,            0.666666666666667,      0                ,         25.6078972021739 , 2026-05-20 18:53:14
fb12a87038ea400a84e5b0e6f0779330, Pastasciutta, second math prompt                                                                                              , rag     , qwen2.5-14b-instruct/deepseek-r1:14b-qwen-distill-q8_0,                   14, TRUE  , all-MiniLM-L6-v2/bge-reranker-base     ,                  384,      0.859154929577465,  6.89872315903785      ,  3.88499466802033 ,   3.01370926977883 ,  6.80717844229478      ,                    0.769230769230769,               4.85030895013076,                 1.95684282596295 ,   5.73456551577594      ,                     0.972972972972973,               4.0032418418575  ,                  1.73130492906313 ,    6.13527375857035      ,                      0.8              ,                4.31071046193441 ,                   1.82454462051392 , 16.1846656799316      ,            0.5              ,      0                ,         16.1846582889557 , 2026-05-20 19:19:50
d29a2dd17e3b4b8c96d42f8431f3d4f2, Pastasciutta, third math prompt                                                                                               , rag     , qwen2.5-14b-instruct/deepseek-r1:14b-qwen-distill-q8_0,                   14, TRUE  , all-MiniLM-L6-v2/bge-reranker-base     ,                  384,      0.920792079207921,  6.77626422372195      ,  3.33993308614976 ,   3.43631539486422 ,  6.19851834509108      ,                    1                ,               4.17864013777839,                 2.01985960536533 ,   5.57708316263945      ,                     0.91304347826087 ,               3.7639549607816  ,                  1.81311181317205 ,    5.80619244277477      ,                      0.8125           ,                3.92021696269512 ,                   1.88595908880234 , 10.8410217201009      ,            0.823529411764706,      0                ,         10.841015030356  , 2026-05-20 19:52:17